{"Accuracy: ": 83.05084745762711, "Cost function:": 0.5273358016486577}