{"Accuracy: ": 66.10169491525424, "Cost function:": 0.645502826883893}